"file","match","reason"
"2026-02-12-agent-speed-test.md","Claude Opus 4.6","Not listed in official Anthropic model references."
"2026-02-12-agent-speed-test.md","Claude Opus 4.6","Not listed in official Anthropic model references."
"2026-02-12-agent-speed-test.md","Claude Opus 4.6","Not listed in official Anthropic model references."
"2026-02-12-ai-model-pricing-guide.md","Claude Opus 4.6","Not listed in official Anthropic model references."
"2026-02-12-ai-model-pricing-guide.md","Claude Opus 4.6","Not listed in official Anthropic model references."
"2026-02-12-ai-model-pricing-guide.md","Claude Opus 4.6","Not listed in official Anthropic model references."
"2026-02-12-ai-model-pricing-guide.md","Claude Opus 4.6","Not listed in official Anthropic model references."
"2026-02-12-ai-model-pricing-guide.md","Claude Opus 4.6","Not listed in official Anthropic model references."
"2026-02-12-ai-model-pricing-guide.md","Kimi K2.5","Public provider docs could not be validated in this build."
"2026-02-12-cheap-vs-premium-models.md","Claude Opus 4.6","Not listed in official Anthropic model references."
"2026-02-12-cheap-vs-premium-models.md","Claude Opus 4.6","Not listed in official Anthropic model references."
"2026-02-12-coding-benchmark.md","Claude Opus 4.6","Not listed in official Anthropic model references."
"2026-02-12-coding-benchmark.md","Claude Opus 4.6","Not listed in official Anthropic model references."
"2026-02-12-coding-benchmark.md","Claude Opus 4.6","Not listed in official Anthropic model references."
"2026-02-12-coding-benchmark.md","Kimi K2.5","Public provider docs could not be validated in this build."
"2026-02-12-coding-benchmark.md","Kimi K2.5","Public provider docs could not be validated in this build."
"2026-02-12-deepseek-vs-frontier-models.md","Claude Opus 4.6","Not listed in official Anthropic model references."
"2026-02-12-deepseek-vs-frontier-models.md","Claude Opus 4.6","Not listed in official Anthropic model references."
"2026-02-12-deepseek-vs-frontier-models.md","Claude Opus 4.6","Not listed in official Anthropic model references."
"2026-02-12-deepseek-vs-frontier-models.md","Claude Opus 4.6","Not listed in official Anthropic model references."
"2026-02-12-deepseek-vs-frontier-models.md","Claude Opus 4.6","Not listed in official Anthropic model references."
"2026-02-12-deepseek-vs-frontier-models.md","Claude Opus 4.6","Not listed in official Anthropic model references."
"2026-02-12-deepseek-vs-frontier-models.md","Claude Opus 4.6","Not listed in official Anthropic model references."
"2026-02-12-deepseek-vs-frontier-models.md","Claude Opus 4.6","Not listed in official Anthropic model references."
"2026-02-12-deepseek-vs-frontier-models.md","Claude Opus 4.6","Not listed in official Anthropic model references."
"2026-02-12-deepseek-vs-frontier-models.md","Claude Opus 4.6","Not listed in official Anthropic model references."
"2026-02-12-deepseek-vs-frontier-models.md","Claude Opus 4.6","Not listed in official Anthropic model references."
"2026-02-12-deepseek-vs-frontier-models.md","Claude Opus 4.6","Not listed in official Anthropic model references."
"2026-02-12-deepseek-vs-frontier-models.md","Claude Opus 4.6","Not listed in official Anthropic model references."
"2026-02-12-deepseek-vs-frontier-models.md","Claude Opus 4.6","Not listed in official Anthropic model references."
"2026-02-12-hallucination-test.md","Claude Opus 4.6","Not listed in official Anthropic model references."
"2026-02-12-hallucination-test.md","Claude Opus 4.6","Not listed in official Anthropic model references."
"2026-02-12-hallucination-test.md","Claude Opus 4.6","Not listed in official Anthropic model references."
"2026-02-12-hallucination-test.md","Claude Opus 4.6","Not listed in official Anthropic model references."
"2026-02-12-hallucination-test.md","Claude Opus 4.6","Not listed in official Anthropic model references."
"2026-02-12-hallucination-test.md","Claude Opus 4.6","Not listed in official Anthropic model references."
"2026-02-12-hallucination-test.md","Kimi K2.5","Public provider docs could not be validated in this build."
"2026-02-12-how-to-choose-ai-model.md","5.3-Codex-Spark","Not listed in official OpenAI model references."
"2026-02-12-how-to-choose-ai-model.md","5.3-Codex-Spark","Not listed in official OpenAI model references."
"2026-02-12-how-to-choose-ai-model.md","Claude Opus 4.6","Not listed in official Anthropic model references."
"2026-02-12-how-to-choose-ai-model.md","Claude Opus 4.6","Not listed in official Anthropic model references."
"2026-02-12-how-to-choose-ai-model.md","Claude Opus 4.6","Not listed in official Anthropic model references."
"2026-02-12-how-to-choose-ai-model.md","Claude Opus 4.6","Not listed in official Anthropic model references."
"2026-02-12-how-to-choose-ai-model.md","Claude Opus 4.6","Not listed in official Anthropic model references."
"2026-02-12-how-to-choose-ai-model.md","Claude Opus 4.6","Not listed in official Anthropic model references."
"2026-02-12-how-to-choose-ai-model.md","Claude Opus 4.6","Not listed in official Anthropic model references."
"2026-02-12-how-to-choose-ai-model.md","Claude Opus 4.6","Not listed in official Anthropic model references."
"2026-02-12-how-to-choose-ai-model.md","Claude Opus 4.6","Not listed in official Anthropic model references."
"2026-02-12-how-to-choose-ai-model.md","Claude Opus 4.6","Not listed in official Anthropic model references."
"2026-02-12-how-to-choose-ai-model.md","Kimi K2.5","Public provider docs could not be validated in this build."
"2026-02-12-how-to-choose-ai-model.md","Kimi K2.5","Public provider docs could not be validated in this build."
"2026-02-12-how-to-choose-ai-model.md","Kimi K2.5","Public provider docs could not be validated in this build."
"2026-02-12-how-to-choose-ai-model.md","Kimi K2.5","Public provider docs could not be validated in this build."
"2026-02-12-how-to-choose-ai-model.md","Kimi K2.5","Public provider docs could not be validated in this build."
"2026-02-12-how-to-choose-ai-model.md","Kimi K2.5","Public provider docs could not be validated in this build."
"2026-02-12-model-eval-scorecard.md","5.3-Codex-Spark","Not listed in official OpenAI model references."
"2026-02-12-model-eval-scorecard.md","Claude Opus 4.6","Not listed in official Anthropic model references."
"2026-02-12-model-eval-scorecard.md","Claude Opus 4.6","Not listed in official Anthropic model references."
"2026-02-12-model-eval-scorecard.md","Claude Opus 4.6","Not listed in official Anthropic model references."
"2026-02-12-model-eval-scorecard.md","Claude Opus 4.6","Not listed in official Anthropic model references."
"2026-02-12-model-eval-scorecard.md","Kimi K2.5","Public provider docs could not be validated in this build."
"2026-02-12-model-eval-scorecard.md","Kimi K2.5","Public provider docs could not be validated in this build."
"2026-02-12-model-eval-scorecard.md","Kimi K2.5","Public provider docs could not be validated in this build."
"2026-02-12-open-vs-closed-ai-models.md","Claude Opus 4.6","Not listed in official Anthropic model references."
"2026-02-12-reasoning-benchmark.md","Claude Opus 4.6","Not listed in official Anthropic model references."
"2026-02-12-reasoning-benchmark.md","Claude Opus 4.6","Not listed in official Anthropic model references."
"2026-02-12-reasoning-benchmark.md","Claude Opus 4.6","Not listed in official Anthropic model references."
"2026-02-12-reasoning-benchmark.md","Kimi K2.5","Public provider docs could not be validated in this build."
"2026-02-12-reasoning-benchmark.md","Kimi K2.5","Public provider docs could not be validated in this build."
"2026-02-12-reasoning-benchmark.md","Kimi K2.5","Public provider docs could not be validated in this build."
"2026-02-12-swebench-leaderboard-analysis.md","Claude Opus 4.6","Not listed in official Anthropic model references."
"2026-02-12-swebench-leaderboard-analysis.md","Claude Opus 4.6","Not listed in official Anthropic model references."
"2026-02-12-swebench-leaderboard-analysis.md","Claude Opus 4.6","Not listed in official Anthropic model references."
"2026-02-12-swebench-leaderboard-analysis.md","Claude Opus 4.6","Not listed in official Anthropic model references."
"2026-02-12-swebench-leaderboard-analysis.md","Claude Opus 4.6","Not listed in official Anthropic model references."
"2026-02-12-swebench-leaderboard-analysis.md","Claude Opus 4.6","Not listed in official Anthropic model references."
"2026-02-12-swebench-leaderboard-analysis.md","Claude Opus 4.6","Not listed in official Anthropic model references."
"2026-02-12-swebench-leaderboard-analysis.md","Claude Opus 4.6","Not listed in official Anthropic model references."
"2026-02-12-tool-use-benchmark.md","Claude Opus 4.6","Not listed in official Anthropic model references."
"2026-02-12-tool-use-benchmark.md","Claude Opus 4.6","Not listed in official Anthropic model references."
"2026-02-12-tool-use-benchmark.md","Claude Opus 4.6","Not listed in official Anthropic model references."
"2026-02-12-tool-use-benchmark.md","Kimi K2.5","Public provider docs could not be validated in this build."
"2026-02-12-tool-use-benchmark.md","Kimi K2.5","Public provider docs could not be validated in this build."
"2026-02-12-tool-use-benchmark.md","Kimi K2.5","Public provider docs could not be validated in this build."
"2026-02-13-ai-model-latency-comparison.md","Claude 4o","No official Anthropic model named Claude 4o."
"2026-02-13-ai-model-latency-comparison.md","Claude 4o","No official Anthropic model named Claude 4o."
"2026-02-13-ai-model-pricing-2026.md","Claude 4o","No official Anthropic model named Claude 4o."
"2026-02-13-ai-model-pricing-2026.md","Claude 4o","No official Anthropic model named Claude 4o."
"2026-02-13-ai-model-pricing-2026.md","Claude 4o","No official Anthropic model named Claude 4o."
"2026-02-13-ai-model-speed-test.md","Claude 4o","No official Anthropic model named Claude 4o."
"2026-02-13-ai-model-speed-test.md","Claude 4o","No official Anthropic model named Claude 4o."
"2026-02-13-best-llm-for-coding.md","Claude Opus 4.6","Not listed in official Anthropic model references."
"2026-02-13-best-llm-for-coding.md","Claude Opus 4.6","Not listed in official Anthropic model references."
"2026-02-13-best-llm-for-coding.md","Claude Opus 4.6","Not listed in official Anthropic model references."
"2026-02-13-best-llm-for-coding.md","Claude Opus 4.6","Not listed in official Anthropic model references."
"2026-02-13-best-llm-for-coding.md","Claude Opus 4.6","Not listed in official Anthropic model references."
"2026-02-13-best-llm-for-coding.md","Claude Opus 4.6","Not listed in official Anthropic model references."
"2026-02-13-best-llm-for-coding.md","Claude Opus 4.6","Not listed in official Anthropic model references."
"2026-02-13-best-llm-for-coding.md","Claude Opus 4.6","Not listed in official Anthropic model references."
"2026-02-13-best-llm-for-coding.md","Claude Opus 4.6","Not listed in official Anthropic model references."
"2026-02-13-best-llm-for-coding.md","Claude Opus 4.6","Not listed in official Anthropic model references."
"2026-02-13-best-llm-for-coding.md","Claude Opus 4.6","Not listed in official Anthropic model references."
"2026-02-13-best-llm-for-coding.md","Claude Opus 4.6","Not listed in official Anthropic model references."
"2026-02-13-best-llm-for-coding.md","Claude Opus 4.6","Not listed in official Anthropic model references."
"2026-02-13-best-llm-for-coding.md","Claude Opus 4.6","Not listed in official Anthropic model references."
"2026-02-13-best-llm-for-coding.md","Claude Opus 4.6","Not listed in official Anthropic model references."
"2026-02-13-best-llm-for-coding.md","Claude Opus 4.6","Not listed in official Anthropic model references."
"2026-02-13-best-llm-for-coding.md","Claude Opus 4.6","Not listed in official Anthropic model references."
"2026-02-13-best-llm-for-coding.md","Claude Opus 4.6","Not listed in official Anthropic model references."
"2026-02-13-chatbot-arena-explained.md","Claude Opus 4.6","Not listed in official Anthropic model references."
"2026-02-13-chatbot-arena-explained.md","Claude Opus 4.6","Not listed in official Anthropic model references."
"2026-02-13-chatbot-arena-explained.md","Claude Opus 4.6","Not listed in official Anthropic model references."
"2026-02-13-chatbot-arena-explained.md","Claude Opus 4.6","Not listed in official Anthropic model references."
"2026-02-13-chatbot-arena-explained.md","Claude Opus 4.6","Not listed in official Anthropic model references."
"2026-02-13-chatbot-arena-explained.md","Claude Opus 4.6","Not listed in official Anthropic model references."
"2026-02-13-coding-benchmark.md","5.3-Codex-Spark","Not listed in official OpenAI model references."
"2026-02-13-coding-benchmark.md","5.3-Codex-Spark","Not listed in official OpenAI model references."
"2026-02-13-coding-benchmark.md","Claude Opus 4.6","Not listed in official Anthropic model references."
"2026-02-13-coding-benchmark.md","Claude Opus 4.6","Not listed in official Anthropic model references."
"2026-02-13-coding-benchmark.md","Claude Opus 4.6","Not listed in official Anthropic model references."
"2026-02-13-coding-benchmark.md","Claude Opus 4.6","Not listed in official Anthropic model references."
"2026-02-13-coding-benchmark.md","Kimi K2.5","Public provider docs could not be validated in this build."
"2026-02-13-coding-benchmark.md","Kimi K2.5","Public provider docs could not be validated in this build."
"2026-02-13-coding-benchmark.md","Kimi K2.5","Public provider docs could not be validated in this build."
"2026-02-13-coding-benchmark.md","Kimi K2.5","Public provider docs could not be validated in this build."
"2026-02-13-gpqa-diamond-explained.md","Claude Opus 4.6","Not listed in official Anthropic model references."
"2026-02-13-gpqa-diamond-explained.md","Claude Opus 4.6","Not listed in official Anthropic model references."
"2026-02-13-gpqa-diamond-explained.md","Claude Opus 4.6","Not listed in official Anthropic model references."
"2026-02-13-gpt5-vs-claude-opus.md","Claude Opus 4.6","Not listed in official Anthropic model references."
"2026-02-13-gpt5-vs-claude-opus.md","Claude Opus 4.6","Not listed in official Anthropic model references."
"2026-02-13-gpt5-vs-claude-opus.md","Claude Opus 4.6","Not listed in official Anthropic model references."
"2026-02-13-gpt5-vs-claude-opus.md","Claude Opus 4.6","Not listed in official Anthropic model references."
"2026-02-13-gpt5-vs-claude-opus.md","Claude Opus 4.6","Not listed in official Anthropic model references."
"2026-02-13-gpt5-vs-claude-opus.md","Claude Opus 4.6","Not listed in official Anthropic model references."
"2026-02-13-gpt5-vs-claude-opus.md","Claude Opus 4.6","Not listed in official Anthropic model references."
"2026-02-13-gpt5-vs-claude-opus.md","Claude Opus 4.6","Not listed in official Anthropic model references."
"2026-02-13-gpt5-vs-claude-opus.md","Claude Opus 4.6","Not listed in official Anthropic model references."
"2026-02-13-gpt5-vs-claude-opus.md","Claude Opus 4.6","Not listed in official Anthropic model references."
"2026-02-13-gpt5-vs-claude-opus.md","Claude Opus 4.6","Not listed in official Anthropic model references."
"2026-02-13-gpt5-vs-claude-opus.md","Claude Opus 4.6","Not listed in official Anthropic model references."
"2026-02-13-gpt5-vs-claude-opus.md","Kimi K2.5","Public provider docs could not be validated in this build."
"2026-02-13-how-to-choose-ai-model-2026.md","Claude 4o","No official Anthropic model named Claude 4o."
"2026-02-13-reasoning-benchmark.md","5.3-Codex-Spark","Not listed in official OpenAI model references."
"2026-02-13-reasoning-benchmark.md","5.3-Codex-Spark","Not listed in official OpenAI model references."
"2026-02-13-reasoning-benchmark.md","5.3-Codex-Spark","Not listed in official OpenAI model references."
"2026-02-13-reasoning-benchmark.md","Claude Opus 4.6","Not listed in official Anthropic model references."
"2026-02-13-reasoning-benchmark.md","Claude Opus 4.6","Not listed in official Anthropic model references."
"2026-02-13-reasoning-benchmark.md","Claude Opus 4.6","Not listed in official Anthropic model references."
"2026-02-13-reasoning-benchmark.md","Kimi K2.5","Public provider docs could not be validated in this build."
"2026-02-13-reasoning-benchmark.md","Kimi K2.5","Public provider docs could not be validated in this build."
"2026-02-13-reasoning-benchmark.md","Kimi K2.5","Public provider docs could not be validated in this build."
"2026-02-13-swebench-explained.md","Claude Opus 4.6","Not listed in official Anthropic model references."
"2026-02-13-swebench-explained.md","Claude Opus 4.6","Not listed in official Anthropic model references."
"2026-02-13-swebench-explained.md","Claude Opus 4.6","Not listed in official Anthropic model references."
"2026-02-13-tool-use-benchmark.md","5.3-Codex-Spark","Not listed in official OpenAI model references."
"2026-02-13-tool-use-benchmark.md","5.3-Codex-Spark","Not listed in official OpenAI model references."
"2026-02-13-tool-use-benchmark.md","5.3-Codex-Spark","Not listed in official OpenAI model references."
"2026-02-13-tool-use-benchmark.md","Claude Opus 4.6","Not listed in official Anthropic model references."
"2026-02-13-tool-use-benchmark.md","Claude Opus 4.6","Not listed in official Anthropic model references."
"2026-02-13-tool-use-benchmark.md","Claude Opus 4.6","Not listed in official Anthropic model references."
"2026-02-13-tool-use-benchmark.md","Claude Opus 4.6","Not listed in official Anthropic model references."
"2026-02-13-tool-use-benchmark.md","Kimi K2.5","Public provider docs could not be validated in this build."
"2026-02-13-tool-use-benchmark.md","Kimi K2.5","Public provider docs could not be validated in this build."
"2026-02-13-tool-use-benchmark.md","Kimi K2.5","Public provider docs could not be validated in this build."
"2026-02-13-tool-use-benchmark.md","Kimi K2.5","Public provider docs could not be validated in this build."
"2026-02-14-model-eval-scorecard.md","Claude Opus 4.6","Not listed in official Anthropic model references."
"2026-02-14-model-eval-scorecard.md","Claude Opus 4.6","Not listed in official Anthropic model references."
"2026-02-14-model-eval-scorecard.md","Claude Opus 4.6","Not listed in official Anthropic model references."
"2026-02-14-model-eval-scorecard.md","Claude Opus 4.6","Not listed in official Anthropic model references."
"2026-02-14-model-eval-scorecard.md","Kimi K2.5","Public provider docs could not be validated in this build."
"2026-02-14-model-eval-scorecard.md","Kimi K2.5","Public provider docs could not be validated in this build."
"2026-02-14-model-eval-scorecard.md","Kimi K2.5","Public provider docs could not be validated in this build."
"2026-02-15-model-eval-scorecard.md","Claude Opus 4.6","Not listed in official Anthropic model references."
"2026-02-15-model-eval-scorecard.md","Claude Opus 4.6","Not listed in official Anthropic model references."
"2026-02-15-model-eval-scorecard.md","Claude Opus 4.6","Not listed in official Anthropic model references."
"2026-02-15-model-eval-scorecard.md","Claude Opus 4.6","Not listed in official Anthropic model references."
"2026-02-15-model-eval-scorecard.md","Kimi K2.5","Public provider docs could not be validated in this build."
"2026-02-15-model-eval-scorecard.md","Kimi K2.5","Public provider docs could not be validated in this build."
"2026-02-15-model-eval-scorecard.md","Kimi K2.5","Public provider docs could not be validated in this build."
"2026-02-16-model-eval-scorecard.md","Claude Opus 4.6","Not listed in official Anthropic model references."
"2026-02-16-model-eval-scorecard.md","Claude Opus 4.6","Not listed in official Anthropic model references."
"2026-02-16-model-eval-scorecard.md","Claude Opus 4.6","Not listed in official Anthropic model references."
"2026-02-16-model-eval-scorecard.md","Claude Opus 4.6","Not listed in official Anthropic model references."
"2026-03-01-model-eval-scorecard.md","Claude Opus 4.6","Not listed in official Anthropic model references."
"2026-03-01-model-eval-scorecard.md","Claude Opus 4.6","Not listed in official Anthropic model references."
"2026-03-01-model-eval-scorecard.md","Claude Opus 4.6","Not listed in official Anthropic model references."
"2026-03-01-model-eval-scorecard.md","Claude Opus 4.7","Not listed in official Anthropic model references."
"2026-03-09-model-eval-scorecard.md","Claude Opus 4.6","Not listed in official Anthropic model references."
"2026-03-09-model-eval-scorecard.md","Claude Opus 4.6","Not listed in official Anthropic model references."
"2026-03-09-model-eval-scorecard.md","Claude Opus 4.6","Not listed in official Anthropic model references."
"2026-03-09-model-eval-scorecard.md","Claude Opus 4.6","Not listed in official Anthropic model references."
"2026-03-10-model-eval-scorecard.md","Claude Opus 4.6","Not listed in official Anthropic model references."
"2026-03-10-model-eval-scorecard.md","Claude Opus 4.6","Not listed in official Anthropic model references."
"2026-03-10-model-eval-scorecard.md","Claude Opus 4.6","Not listed in official Anthropic model references."
"2026-03-10-model-eval-scorecard.md","Claude Opus 4.6","Not listed in official Anthropic model references."
"2026-03-10-model-eval-scorecard.md","Kimi K2.5","Public provider docs could not be validated in this build."
"2026-03-10-model-eval-scorecard.md","Kimi K2.5","Public provider docs could not be validated in this build."
"2026-03-10-model-eval-scorecard.md","Kimi K2.5","Public provider docs could not be validated in this build."
"2026-03-11-model-eval-scorecard.md","Claude Opus 4.6","Not listed in official Anthropic model references."
"2026-03-11-model-eval-scorecard.md","Claude Opus 4.6","Not listed in official Anthropic model references."
"2026-03-11-model-eval-scorecard.md","Claude Opus 4.6","Not listed in official Anthropic model references."
"2026-03-11-model-eval-scorecard.md","Claude Opus 4.6","Not listed in official Anthropic model references."
"2026-03-11-model-eval-scorecard.md","Claude Opus 4.6","Not listed in official Anthropic model references."
"2026-03-11-model-eval-scorecard.md","Claude Opus 4.6","Not listed in official Anthropic model references."
"2026-03-11-model-eval-scorecard.md","Claude Opus 4.6","Not listed in official Anthropic model references."
"2026-03-11-model-eval-scorecard.md","Claude Opus 4.6","Not listed in official Anthropic model references."
"2026-03-11-model-eval-scorecard.md","Claude Opus 4.6","Not listed in official Anthropic model references."
"2026-03-11-model-eval-scorecard.md","Claude Opus 4.6","Not listed in official Anthropic model references."
"2026-03-11-model-eval-scorecard.md","Claude Opus 4.6","Not listed in official Anthropic model references."
"2026-03-13-model-eval-scorecard.md","Claude Opus 4.6","Not listed in official Anthropic model references."
"2026-03-13-model-eval-scorecard.md","Claude Opus 4.6","Not listed in official Anthropic model references."
"2026-03-13-model-eval-scorecard.md","Claude Opus 4.6","Not listed in official Anthropic model references."
"2026-03-13-model-eval-scorecard.md","Claude Opus 4.6","Not listed in official Anthropic model references."
"2026-03-13-model-eval-scorecard.md","Claude Opus 4.6","Not listed in official Anthropic model references."
"2026-03-13-model-eval-scorecard.md","Claude Opus 4.6","Not listed in official Anthropic model references."
"2026-03-13-model-eval-scorecard.md","Claude Opus 4.6","Not listed in official Anthropic model references."
"2026-03-13-model-eval-scorecard.md","Claude Opus 4.6","Not listed in official Anthropic model references."
"2026-03-13-model-eval-scorecard.md","Claude Opus 4.6","Not listed in official Anthropic model references."
"2026-03-13-model-eval-scorecard.md","Claude Opus 4.6","Not listed in official Anthropic model references."
"2026-03-13-model-eval-scorecard.md","Claude Opus 4.6","Not listed in official Anthropic model references."
"2026-03-13-model-eval-scorecard.md","Claude Opus 4.6","Not listed in official Anthropic model references."
"2026-03-13-model-eval-scorecard.md","Claude Opus 4.6","Not listed in official Anthropic model references."
"2026-03-22-model-eval-scorecard.md","Claude Opus 4.6","Not listed in official Anthropic model references."
"2026-03-22-model-eval-scorecard.md","Claude Opus 4.6","Not listed in official Anthropic model references."
"2026-03-22-model-eval-scorecard.md","Claude Opus 4.6","Not listed in official Anthropic model references."
"2026-03-22-model-eval-scorecard.md","Claude Opus 4.6","Not listed in official Anthropic model references."
"2026-03-22-model-eval-scorecard.md","Claude Opus 4.6","Not listed in official Anthropic model references."
"2026-03-22-model-eval-scorecard.md","Claude Opus 4.6","Not listed in official Anthropic model references."
"2026-03-22-model-eval-scorecard.md","Claude Opus 4.6","Not listed in official Anthropic model references."
"2026-03-22-model-eval-scorecard.md","Claude Opus 4.6","Not listed in official Anthropic model references."
"2026-03-22-model-eval-scorecard.md","Claude Opus 4.6","Not listed in official Anthropic model references."
"2026-03-22-model-eval-scorecard.md","Claude Opus 4.6","Not listed in official Anthropic model references."
"2026-03-22-model-eval-scorecard.md","Claude Opus 4.6","Not listed in official Anthropic model references."
"2026-03-24-model-eval-scorecard.md","Claude Opus 4.6","Not listed in official Anthropic model references."
"2026-03-24-model-eval-scorecard.md","Claude Opus 4.6","Not listed in official Anthropic model references."
"2026-03-24-model-eval-scorecard.md","Claude Opus 4.6","Not listed in official Anthropic model references."
"2026-03-24-model-eval-scorecard.md","Claude Opus 4.6","Not listed in official Anthropic model references."
"2026-03-24-model-eval-scorecard.md","Claude Opus 4.6","Not listed in official Anthropic model references."
"2026-03-24-model-eval-scorecard.md","Claude Opus 4.6","Not listed in official Anthropic model references."
"2026-03-24-model-eval-scorecard.md","Claude Opus 4.6","Not listed in official Anthropic model references."
"2026-03-24-model-eval-scorecard.md","Claude Opus 4.6","Not listed in official Anthropic model references."
"2026-03-24-model-eval-scorecard.md","Claude Opus 4.6","Not listed in official Anthropic model references."
"2026-03-24-model-eval-scorecard.md","Claude Opus 4.6","Not listed in official Anthropic model references."
"2026-03-24-model-eval-scorecard.md","Claude Opus 4.6","Not listed in official Anthropic model references."
"2026-03-24-model-eval-scorecard.md","Claude Opus 4.6","Not listed in official Anthropic model references."
"2026-03-25-model-eval-scorecard.md","Claude Opus 4.6","Not listed in official Anthropic model references."
"2026-03-25-model-eval-scorecard.md","Claude Opus 4.6","Not listed in official Anthropic model references."
"2026-03-25-model-eval-scorecard.md","Claude Opus 4.6","Not listed in official Anthropic model references."
"2026-03-25-model-eval-scorecard.md","Claude Opus 4.6","Not listed in official Anthropic model references."
"2026-03-25-model-eval-scorecard.md","Claude Opus 4.6","Not listed in official Anthropic model references."
"2026-03-25-model-eval-scorecard.md","Claude Opus 4.6","Not listed in official Anthropic model references."
"2026-03-25-model-eval-scorecard.md","Claude Opus 4.6","Not listed in official Anthropic model references."
"2026-03-25-model-eval-scorecard.md","Claude Opus 4.6","Not listed in official Anthropic model references."
"2026-03-25-model-eval-scorecard.md","Claude Opus 4.6","Not listed in official Anthropic model references."
"2026-03-25-model-eval-scorecard.md","Claude Opus 4.6","Not listed in official Anthropic model references."
"2026-03-25-model-eval-scorecard.md","Claude Opus 4.6","Not listed in official Anthropic model references."
"2026-03-26-model-eval-scorecard.md","Claude Opus 4.6","Not listed in official Anthropic model references."
"2026-03-26-model-eval-scorecard.md","Claude Opus 4.6","Not listed in official Anthropic model references."
"2026-03-26-model-eval-scorecard.md","Claude Opus 4.6","Not listed in official Anthropic model references."
"2026-03-26-model-eval-scorecard.md","Claude Opus 4.6","Not listed in official Anthropic model references."
"2026-03-26-model-eval-scorecard.md","Claude Opus 4.6","Not listed in official Anthropic model references."
"2026-03-26-model-eval-scorecard.md","Claude Opus 4.6","Not listed in official Anthropic model references."
"2026-03-26-model-eval-scorecard.md","Claude Opus 4.6","Not listed in official Anthropic model references."
"2026-03-26-model-eval-scorecard.md","Claude Opus 4.6","Not listed in official Anthropic model references."
"2026-03-26-model-eval-scorecard.md","Claude Opus 4.6","Not listed in official Anthropic model references."
"2026-03-26-model-eval-scorecard.md","Claude Opus 4.6","Not listed in official Anthropic model references."
"2026-03-26-model-eval-scorecard.md","Claude Opus 4.6","Not listed in official Anthropic model references."
"2026-03-28-model-eval-scorecard.md","Claude Opus 4.6","Not listed in official Anthropic model references."
"2026-03-28-model-eval-scorecard.md","Claude Opus 4.6","Not listed in official Anthropic model references."
"2026-03-28-model-eval-scorecard.md","Claude Opus 4.6","Not listed in official Anthropic model references."
"2026-03-28-model-eval-scorecard.md","Claude Opus 4.6","Not listed in official Anthropic model references."
"2026-03-28-model-eval-scorecard.md","Claude Opus 4.6","Not listed in official Anthropic model references."
"2026-03-28-model-eval-scorecard.md","Claude Opus 4.6","Not listed in official Anthropic model references."
"2026-03-28-model-eval-scorecard.md","Claude Opus 4.6","Not listed in official Anthropic model references."
"2026-03-28-model-eval-scorecard.md","Claude Opus 4.6","Not listed in official Anthropic model references."
"2026-03-28-model-eval-scorecard.md","Claude Opus 4.6","Not listed in official Anthropic model references."
"2026-03-28-model-eval-scorecard.md","Claude Opus 4.6","Not listed in official Anthropic model references."
"2026-03-28-model-eval-scorecard.md","Claude Opus 4.6","Not listed in official Anthropic model references."
"2026-03-29-model-eval-scorecard.md","Claude Opus 4.6","Not listed in official Anthropic model references."
"2026-03-29-model-eval-scorecard.md","Claude Opus 4.6","Not listed in official Anthropic model references."
"2026-03-29-model-eval-scorecard.md","Claude Opus 4.6","Not listed in official Anthropic model references."
"2026-03-29-model-eval-scorecard.md","Claude Opus 4.6","Not listed in official Anthropic model references."
"2026-03-29-model-eval-scorecard.md","Claude Opus 4.6","Not listed in official Anthropic model references."
"2026-03-29-model-eval-scorecard.md","Claude Opus 4.6","Not listed in official Anthropic model references."
"2026-03-29-model-eval-scorecard.md","Claude Opus 4.6","Not listed in official Anthropic model references."
"2026-03-29-model-eval-scorecard.md","Claude Opus 4.6","Not listed in official Anthropic model references."
"2026-03-29-model-eval-scorecard.md","Claude Opus 4.6","Not listed in official Anthropic model references."
"2026-03-29-model-eval-scorecard.md","Claude Opus 4.6","Not listed in official Anthropic model references."
"2026-03-29-model-eval-scorecard.md","Claude Opus 4.6","Not listed in official Anthropic model references."
"2026-03-31-model-eval-scorecard.md","Claude Opus 4.6","Not listed in official Anthropic model references."
"2026-03-31-model-eval-scorecard.md","Claude Opus 4.6","Not listed in official Anthropic model references."
"2026-03-31-model-eval-scorecard.md","Claude Opus 4.6","Not listed in official Anthropic model references."
"2026-03-31-model-eval-scorecard.md","Claude Opus 4.6","Not listed in official Anthropic model references."
"2026-03-31-model-eval-scorecard.md","Claude Opus 4.6","Not listed in official Anthropic model references."
"2026-03-31-model-eval-scorecard.md","Claude Opus 4.6","Not listed in official Anthropic model references."
"2026-03-31-model-eval-scorecard.md","Claude Opus 4.6","Not listed in official Anthropic model references."
"2026-03-31-model-eval-scorecard.md","Claude Opus 4.6","Not listed in official Anthropic model references."
"2026-03-31-model-eval-scorecard.md","Claude Opus 4.6","Not listed in official Anthropic model references."
"2026-03-31-model-eval-scorecard.md","Claude Opus 4.6","Not listed in official Anthropic model references."
"2026-03-31-model-eval-scorecard.md","Claude Opus 4.6","Not listed in official Anthropic model references."
"2026-03-31-model-eval-scorecard.md","Claude Opus 4.6","Not listed in official Anthropic model references."
"2026-04-02-model-eval-scorecard.md","Claude Opus 4.6","Not listed in official Anthropic model references."
"2026-04-02-model-eval-scorecard.md","Claude Opus 4.6","Not listed in official Anthropic model references."
"2026-04-02-model-eval-scorecard.md","Claude Opus 4.6","Not listed in official Anthropic model references."
"2026-04-02-model-eval-scorecard.md","Claude Opus 4.6","Not listed in official Anthropic model references."
"2026-04-02-model-eval-scorecard.md","Claude Opus 4.6","Not listed in official Anthropic model references."
"2026-04-02-model-eval-scorecard.md","Claude Opus 4.6","Not listed in official Anthropic model references."
"2026-04-02-model-eval-scorecard.md","Claude Opus 4.6","Not listed in official Anthropic model references."
"2026-04-02-model-eval-scorecard.md","Claude Opus 4.6","Not listed in official Anthropic model references."
"2026-04-02-model-eval-scorecard.md","Claude Opus 4.6","Not listed in official Anthropic model references."
"2026-04-02-model-eval-scorecard.md","Claude Opus 4.6","Not listed in official Anthropic model references."
"2026-04-02-model-eval-scorecard.md","Claude Opus 4.6","Not listed in official Anthropic model references."
"2026-04-03-model-eval-scorecard.md","Claude Opus 4.6","Not listed in official Anthropic model references."
"2026-04-03-model-eval-scorecard.md","Claude Opus 4.6","Not listed in official Anthropic model references."
"2026-04-03-model-eval-scorecard.md","Claude Opus 4.6","Not listed in official Anthropic model references."
"2026-04-03-model-eval-scorecard.md","Claude Opus 4.6","Not listed in official Anthropic model references."
"2026-04-03-model-eval-scorecard.md","Claude Opus 4.6","Not listed in official Anthropic model references."
"2026-04-03-model-eval-scorecard.md","Claude Opus 4.6","Not listed in official Anthropic model references."
"2026-04-03-model-eval-scorecard.md","Claude Opus 4.6","Not listed in official Anthropic model references."
"2026-04-03-model-eval-scorecard.md","Claude Opus 4.6","Not listed in official Anthropic model references."
"2026-04-03-model-eval-scorecard.md","Claude Opus 4.6","Not listed in official Anthropic model references."
"2026-04-03-model-eval-scorecard.md","Claude Opus 4.6","Not listed in official Anthropic model references."
"2026-04-03-model-eval-scorecard.md","Claude Opus 4.6","Not listed in official Anthropic model references."
"2026-04-04-model-eval-scorecard.md","Claude Opus 4.6","Not listed in official Anthropic model references."
"2026-04-04-model-eval-scorecard.md","Claude Opus 4.6","Not listed in official Anthropic model references."
"2026-04-04-model-eval-scorecard.md","Claude Opus 4.6","Not listed in official Anthropic model references."
"2026-04-04-model-eval-scorecard.md","Claude Opus 4.6","Not listed in official Anthropic model references."
"2026-04-04-model-eval-scorecard.md","Claude Opus 4.6","Not listed in official Anthropic model references."
"2026-04-04-model-eval-scorecard.md","Claude Opus 4.6","Not listed in official Anthropic model references."
"2026-04-04-model-eval-scorecard.md","Claude Opus 4.6","Not listed in official Anthropic model references."
"2026-04-04-model-eval-scorecard.md","Claude Opus 4.6","Not listed in official Anthropic model references."
"2026-04-04-model-eval-scorecard.md","Claude Opus 4.6","Not listed in official Anthropic model references."
"2026-04-04-model-eval-scorecard.md","Claude Opus 4.6","Not listed in official Anthropic model references."
"2026-04-04-model-eval-scorecard.md","Claude Opus 4.6","Not listed in official Anthropic model references."
"2026-04-05-model-eval-scorecard.md","Claude Opus 4.6","Not listed in official Anthropic model references."
"2026-04-05-model-eval-scorecard.md","Claude Opus 4.6","Not listed in official Anthropic model references."
"2026-04-05-model-eval-scorecard.md","Claude Opus 4.6","Not listed in official Anthropic model references."
"2026-04-05-model-eval-scorecard.md","Claude Opus 4.6","Not listed in official Anthropic model references."
"2026-04-05-model-eval-scorecard.md","Claude Opus 4.6","Not listed in official Anthropic model references."
"2026-04-05-model-eval-scorecard.md","Claude Opus 4.6","Not listed in official Anthropic model references."
"2026-04-05-model-eval-scorecard.md","Claude Opus 4.6","Not listed in official Anthropic model references."
"2026-04-05-model-eval-scorecard.md","Claude Opus 4.6","Not listed in official Anthropic model references."
"2026-04-05-model-eval-scorecard.md","Claude Opus 4.6","Not listed in official Anthropic model references."
"2026-04-05-model-eval-scorecard.md","Claude Opus 4.6","Not listed in official Anthropic model references."
"2026-04-05-model-eval-scorecard.md","Claude Opus 4.6","Not listed in official Anthropic model references."
"2026-04-06-model-eval-scorecard.md","Claude Opus 4.6","Not listed in official Anthropic model references."
"2026-04-06-model-eval-scorecard.md","Claude Opus 4.6","Not listed in official Anthropic model references."
"2026-04-06-model-eval-scorecard.md","Claude Opus 4.6","Not listed in official Anthropic model references."
"2026-04-06-model-eval-scorecard.md","Claude Opus 4.6","Not listed in official Anthropic model references."
"2026-04-06-model-eval-scorecard.md","Claude Opus 4.6","Not listed in official Anthropic model references."
"2026-04-06-model-eval-scorecard.md","Claude Opus 4.6","Not listed in official Anthropic model references."
"2026-04-06-model-eval-scorecard.md","Claude Opus 4.6","Not listed in official Anthropic model references."
"2026-04-06-model-eval-scorecard.md","Claude Opus 4.6","Not listed in official Anthropic model references."
"2026-04-06-model-eval-scorecard.md","Claude Opus 4.6","Not listed in official Anthropic model references."
"2026-04-06-model-eval-scorecard.md","Claude Opus 4.6","Not listed in official Anthropic model references."
"2026-04-06-model-eval-scorecard.md","Claude Opus 4.6","Not listed in official Anthropic model references."
"2026-04-08-model-eval-scorecard.md","Claude Opus 4.6","Not listed in official Anthropic model references."
"2026-04-08-model-eval-scorecard.md","Claude Opus 4.6","Not listed in official Anthropic model references."
"2026-04-08-model-eval-scorecard.md","Claude Opus 4.6","Not listed in official Anthropic model references."
"2026-04-08-model-eval-scorecard.md","Claude Opus 4.6","Not listed in official Anthropic model references."
"2026-04-08-model-eval-scorecard.md","Claude Opus 4.6","Not listed in official Anthropic model references."
"2026-04-08-model-eval-scorecard.md","Claude Opus 4.6","Not listed in official Anthropic model references."
"2026-04-08-model-eval-scorecard.md","Claude Opus 4.6","Not listed in official Anthropic model references."
"2026-04-08-model-eval-scorecard.md","Claude Opus 4.6","Not listed in official Anthropic model references."
"2026-04-08-model-eval-scorecard.md","Claude Opus 4.6","Not listed in official Anthropic model references."
"2026-04-08-model-eval-scorecard.md","Claude Opus 4.6","Not listed in official Anthropic model references."
"2026-04-08-model-eval-scorecard.md","Claude Opus 4.6","Not listed in official Anthropic model references."
"2026-04-08-model-eval-scorecard.md","Claude Opus 4.6","Not listed in official Anthropic model references."
"first-post.md","5.3-Codex-Spark","Not listed in official OpenAI model references."
"first-post.md","Claude Opus 4.6","Not listed in official Anthropic model references."
"first-post.md","Kimi K2.5","Public provider docs could not be validated in this build."